{
	"freeplayPrevEnd": 0.250042654837059,
	"songRating": 5,
	"freeplayPrevStart": 0.0499914690325883
}