{
	"freeplayPrevEnd": 0.228677332728167,
	"songRating": 4,
	"freeplayPrevStart": 0.0302583304966148
}