{
	"freeplayPrevEnd": 0.500550605666233,
	"songRating": 3,
	"freeplayPrevStart": 0.184818685169071
}