{
	"freeplayPrevEnd": 0.249987442024011,
	"songRating": 5,
	"freeplayPrevStart": 0.0499807444368166
}