{
	"freeplayPrevEnd": 0.249976891435966,
	"songRating": 9,
	"freeplayPrevStart": 0.0499722697231594
}