{
	"freeplayPrevEnd": 0.185413764058336,
	"songRating": 6,
	"freeplayPrevStart": 0.0500087409345913
}