{
	"freeplayPrevEnd": 0.339205458780304,
	"songRating": 8,
	"freeplayPrevStart": 0.0500278843945806
}