{
	"freeplayPrevEnd": 0.282401490537856,
	"songRating": 9,
	"freeplayPrevStart": 0.0434226937468241
}