{
	"freeplayPrevEnd": 0.250023423929887,
	"songRating": 6,
	"freeplayPrevStart": 0.0500190995120615
}