{
	"freeplayPrevEnd": 0.232953969448135,
	"songRating": 13,
	"freeplayPrevStart": 0.0499949311435874
}