{
	"freeplayPrevEnd": 0.229663815918983,
	"songRating": 3,
	"freeplayPrevStart": 0.0464248999321945
}