{
	"freeplayPrevEnd": 0.235519839835386,
	"songRating": 6,
	"freeplayPrevStart": 0.04999582904652
}