{
	"freeplayPrevEnd": 0.273467738068326,
	"songRating": 10,
	"freeplayPrevStart": 0.0219212615686033
}