{
	"freeplayPrevEnd": 0.206273598008251,
	"songRating": 12,
	"freeplayPrevStart": 0.040174483801607
}