{
	"freeplayPrevEnd": 0.249983825454256,
	"songRating": 7,
	"freeplayPrevStart": 0.0500166722240747
}