{
	"freeplayPrevEnd": 0.249974097361203,
	"songRating": 5,
	"freeplayPrevStart": 0.050005725846471
}